id,name,slug,start_date,end_date,city,state_region,country,category,event_type,venue,description,website,source_url
CONV-001,CES 2026,ces-2026-las-vegas-2026,2026-01-06,2026-01-09,Las Vegas,NV,USA,Electronics,Trade Show,Las Vegas Convention Center,"Global consumer electronics and technology trade show featuring AI, mobility, digital health, smart home and enterprise innovation.",https://www.ces.tech,https://www.ces.tech/plan-your-visit/dates-and-hours/
CONV-002,NRF 2026: Retail’s Big Show,nrf-2026-retail-s-big-show-new-york-2026,2026-01-11,2026-01-13,New York,NY,USA,Business,Conference & Expo,Jacob K. Javits Convention Center,"Retail business, commerce, marketing technology and customer experience conference for brands, agencies and technology vendors.",https://nrfbigshow.nrf.com,https://nrfbigshow.nrf.com
CONV-003,World Economic Forum Annual Meeting 2026,world-economic-forum-annual-meeting-2026-davos-2026,2026-01-19,2026-01-23,Davos,Graubünden,Switzerland,Business,Forum,Davos-Klosters,"Annual global business and policy forum focused on economics, technology, risk, finance and international leadership.",https://www.weforum.org,https://www.weforum.org
CONV-004,Bett UK 2026,bett-uk-2026-london-2026,2026-01-21,2026-01-23,London,England,United Kingdom,Technology,Expo,ExCeL London,"Education technology conference and expo with AI learning platforms, enterprise software and digital transformation solutions.",https://www.bettshow.com,https://www.bettshow.com
CONV-005,DLD Munich 2026,dld-munich-2026-munich-2026,2026-01-15,2026-01-17,Munich,Bavaria,Germany,Business,Conference,House of Communication,"Invitation-focused business, digital innovation and technology conference gathering founders, investors, media and executives.",https://dld-conference.com,https://dld-conference.com
CONV-006,LEAP 2026,leap-2026-riyadh-2026,2026-02-09,2026-02-12,Riyadh,Riyadh Province,Saudi Arabia,Technology,Conference & Expo,Riyadh Exhibition and Convention Center,"Large technology conference focused on AI, cloud, startups, smart cities, digital transformation and investment.",https://www.onegiantleap.com,https://www.onegiantleap.com
CONV-007,CDAO Financial Services 2026,cdao-financial-services-2026-new-york-2026,2026-02-18,2026-02-19,New York,NY,USA,Finance,Conference,New York City,"Data, analytics, AI and governance conference for financial services executives.",https://cdao-fs.coriniumintelligence.com,https://fintechlabs.com/33-fintech-conferences-events-for-2021/
CONV-008,The AI+BI Conference 2026,the-ai-bi-conference-2026-las-vegas-2026,2026-02-23,2026-02-26,Las Vegas,NV,USA,AI,Conference,Wynn Las Vegas,"Artificial intelligence and business intelligence conference for data leaders, analysts and enterprise technology teams.",https://aibiconference.com,https://10times.com/e1h3-s8f3-k4gz-k
CONV-009,Mobile World Congress Barcelona 2026,mobile-world-congress-barcelona-2026-barcelona-2026,2026-03-02,2026-03-05,Barcelona,Catalonia,Spain,Technology,Trade Show,Fira Gran Via,"Global mobile, connectivity, devices, telecom, AI and digital infrastructure industry event.",https://www.mwcbarcelona.com,https://www.mwcbarcelona.com
CONV-010,FinAI Banking Summit 2026,finai-banking-summit-2026-denver-2026,2026-03-02,2026-03-03,Denver,CO,USA,Finance,Summit,Denver,"Banking innovation summit centered on AI, automation, risk, compliance and financial services transformation.",https://fintechlabs.com,https://fintechlabs.com/33-fintech-conferences-events-for-2021/
CONV-011,Future Digital Finance 2026,future-digital-finance-2026-west-palm-beach-2026,2026-03-03,2026-03-05,West Palm Beach,FL,USA,Finance,Conference,West Palm Beach,"Digital banking and financial services conference covering customer experience, product strategy, AI and innovation.",https://futuredigitalfinance.wbresearch.com,https://fintechlabs.com/33-fintech-conferences-events-for-2021/
CONV-012,North American Finance Executive Summit 2026,north-american-finance-executive-summit-2026-tampa-2026,2026-03-09,2026-03-11,Tampa,FL,USA,Finance,Summit,Tampa,"Executive finance summit for CFOs and financial leaders focused on growth, automation, reporting and enterprise strategy.",https://www.proalt.com,https://www.proalt.com/top-16-finance-banking-conferences-2026/
CONV-013,SXSW 2026,sxsw-2026-austin-2026,2026-03-13,2026-03-21,Austin,TX,USA,Business,Festival & Conference,Austin Convention Center,"Innovation festival covering technology, startups, marketing, media, business, AI, culture and creative industries.",https://www.sxsw.com,https://www.sxsw.com
CONV-014,NVIDIA GTC 2026,nvidia-gtc-2026-san-jose-2026,2026-03-16,2026-03-19,San Jose,CA,USA,AI,Conference,San Jose McEnery Convention Center,"AI, accelerated computing, GPU, robotics, data center and developer conference hosted by NVIDIA.",https://www.nvidia.com/gtc,https://www.nvidia.com/gtc
CONV-015,Enterprise Connect 2026,enterprise-connect-2026-orlando-2026,2026-03-16,2026-03-19,Orlando,FL,USA,Technology,Conference & Expo,Gaylord Palms Resort & Convention Center,"Enterprise communications, collaboration, contact center, AI and workplace technology conference.",https://www.enterpriseconnect.com,https://www.enterpriseconnect.com
CONV-016,Social Fresh 2026,social-fresh-2026-new-york-2026,2026-03-19,2026-03-20,New York,NY,USA,Marketing,Conference,New York,"Social media marketing conference covering content, creators, paid social, AI and agency strategy.",https://socialfresh.com,https://www.heyorca.com/blog/social-media-conferences-2026
CONV-017,Fintech Americas Miami 2026,fintech-americas-miami-2026-miami-2026,2026-03-24,2026-03-26,Miami,FL,USA,Finance,Conference,Miami,Financial technology conference for banking leaders across the Americas focused on digital transformation and innovation.,https://www.fintechamericas.co,https://fintechlabs.com/33-fintech-conferences-events-for-2021/
CONV-018,Fintech Meetup 2026,fintech-meetup-2026-las-vegas-2026,2026-03-30,2026-04-01,Las Vegas,NV,USA,Finance,Conference,Las Vegas,"Large fintech networking conference for banks, fintech companies, payments providers, investors and enterprise buyers.",https://fintechmeetup.com,https://www.proalt.com/top-16-finance-banking-conferences-2026/
CONV-019,Adobe Summit 2026,adobe-summit-2026-las-vegas-2026,2026-04-19,2026-04-22,Las Vegas,NV,USA,Marketing,Conference,The Venetian Convention and Expo Center,"Digital experience, marketing automation, analytics, content supply chain and customer journey conference.",https://summit.adobe.com,https://www.marketingterms.com/conferences/
CONV-020,RSA Conference 2026,rsa-conference-2026-san-francisco-2026,2026-03-23,2026-03-26,San Francisco,CA,USA,Technology,Conference & Expo,Moscone Center,"Cybersecurity and enterprise technology conference covering AI security, risk, identity and cloud protection.",https://www.rsaconference.com,https://www.rsaconference.com
CONV-021,Google Cloud Next 2026,google-cloud-next-2026-las-vegas-2026,2026-04-22,2026-04-24,Las Vegas,NV,USA,AI,Conference,Mandalay Bay Convention Center,"Cloud, AI, data, security and enterprise productivity conference hosted by Google Cloud.",https://cloud.withgoogle.com/next,https://www.techradar.com/pro/live/google-cloud-next-2026
CONV-022,NAB Show 2026,nab-show-2026-las-vegas-2026,2026-04-18,2026-04-22,Las Vegas,NV,USA,Technology,Trade Show,Las Vegas Convention Center,"Media, broadcast, streaming, creator tools, advertising technology and AI production expo.",https://nabshow.com,https://www.vfairs.com/blog/tech-trade-shows/
CONV-023,The Financial Brand Forum 2026,the-financial-brand-forum-2026-las-vegas-2026,2026-04-13,2026-04-15,Las Vegas,NV,USA,Finance,Conference,Las Vegas,"Banking strategy and marketing conference focused on financial brands, customer experience and digital growth.",https://financialbrandforum.com,https://www.proalt.com/top-16-finance-banking-conferences-2026/
CONV-024,Social Media Week 2026,social-media-week-2026-new-york-2026,2026-04-14,2026-04-15,New York,NY,USA,Marketing,Conference,New York,"Adweek social media and creator marketing conference focused on platforms, brand storytelling and audience growth.",https://www.adweek.com/social-media-week,https://www.heyorca.com/blog/social-media-conferences-2026
CONV-025,Global Banking Innovation Forum & EXPO 2026,global-banking-innovation-forum-expo-2026-prague-2026,2026-04-21,2026-04-22,Prague,Prague,Czechia,Finance,Conference & Expo,Cubex Centrum Prague,"Banking innovation event focused on digital finance, AI, payments, open banking and customer experience.",https://10times.com/artificial-intelligence/conferences,https://10times.com/artificial-intelligence/conferences
CONV-026,Forrester B2B Summit North America 2026,forrester-b2b-summit-north-america-2026-phoenix-2026,2026-04-26,2026-04-29,Phoenix,AZ,USA,Marketing,Summit,Phoenix Convention Center,"B2B marketing, sales, product and go-to-market strategy summit for enterprise leaders.",https://www.forrester.com/event/b2b-summit-north-america,https://thenextbigwin.com/access/top-marketing-agency-conferences-2026/
CONV-027,POSSIBLE 2026,possible-2026-miami-beach-2026,2026-04-27,2026-04-29,Miami Beach,FL,USA,Marketing,Conference & Expo,Fontainebleau Miami Beach,"Marketing, media, brand, adtech and commerce conference for executives and agencies.",https://possibleevent.com,https://possibleevent.com/
CONV-028,AI and RegTech for Financial Services 2026,ai-and-regtech-for-financial-services-2026-new-york-2026,2026-05-20,2026-05-21,New York,NY,USA,Finance,Conference,New York City Bar,"Conference on AI and regulatory technology for compliance, financial services risk and operational efficiency.",https://10times.com/e15h-sgs8-zxr4-3,https://10times.com/e15h-sgs8-zxr4-3
CONV-029,Google I/O 2026,google-i-o-2026-mountain-view-2026,2026-05-19,2026-05-20,Mountain View,CA,USA,AI,Developer Conference,Shoreline Amphitheatre,"Google developer conference focused on AI, Android, Gemini, Chrome, web, cloud and product ecosystem updates.",https://io.google,https://www.theverge.com/tech/880401/google-io-2026-dates-ai
CONV-030,OMR Festival 2026,omr-festival-2026-hamburg-2026,2026-05-06,2026-05-07,Hamburg,Hamburg,Germany,Marketing,Festival & Expo,Hamburg Messe,"Digital marketing, ecommerce, media and technology festival for brands, agencies and creators.",https://omr.com,https://online.marketing/digital-marketing/
CONV-031,DMWF Global 2026,dmwf-global-2026-london-2026,2026-05-11,2026-05-12,London,England,United Kingdom,Marketing,Conference,London,"Digital marketing world forum covering social, content, data, AI, customer experience and marketing technology.",https://www.digitalmarketing-conference.com/global,https://online.marketing/digital-marketing/
CONV-032,Gartner Marketing Symposium/Xpo 2026,gartner-marketing-symposium-xpo-2026-london-2026,2026-05-12,2026-05-14,London,England,United Kingdom,Marketing,Symposium,London,"Marketing leadership symposium focused on AI, customer journeys, brand strategy and marketing operating models.",https://www.gartner.com/en/conferences/emea/marketing-uk,https://online.marketing/digital-marketing/
CONV-033,Computex Taipei 2026,computex-taipei-2026-taipei-2026,2026-06-02,2026-06-05,Taipei,Taipei,Taiwan,Electronics,Trade Show,Taipei Nangang Exhibition Center,"Global computer hardware, chips, AI PCs, components, semiconductors and electronics trade show.",https://www.computextaipei.com.tw,https://www.vfairs.com/blog/tech-trade-shows/
CONV-034,AI World Congress 2026,ai-world-congress-2026-london-2026,2026-06-23,2026-06-24,London,England,United Kingdom,AI,Conference,London,"AI conference covering enterprise AI, research, automation, governance and applied machine intelligence.",https://conferenceindex.org/event/ai-world-congress-aiw-2026-june-london-gb,https://conferenceindex.org/event/ai-world-congress-aiw-2026-june-london-gb
CONV-035,MOVE 2026,move-2026-london-2026,2026-06-17,2026-06-18,London,England,United Kingdom,Technology,Conference & Expo,ExCeL London,"Mobility technology, electric vehicles, connected transport, autonomous systems and smart city conference.",https://www.terrapinn.com/exhibition/move,https://www.bleap.finance/blog/best-tech-events-in-the-world
CONV-036,DigiMarCon Phoenix 2026,digimarcon-phoenix-2026-phoenix-2026,2026-06-16,2026-06-16,Phoenix,AZ,USA,Marketing,Conference,Phoenix,"Digital marketing conference focused on marketing technology, analytics, advertising and online growth.",https://digimarconphoenix.com,https://online.marketing/digital-marketing/
CONV-037,DigiMarCon Silicon Valley 2026,digimarcon-silicon-valley-2026-san-francisco-2026,2026-06-17,2026-06-20,San Francisco,CA,USA,Marketing,Conference,San Francisco,"Digital marketing, media and advertising conference for business growth and technology teams.",https://digimarconsiliconvalley.com,https://online.marketing/digital-marketing/
CONV-038,Esri User Conference 2026,esri-user-conference-2026-san-diego-2026,2026-07-13,2026-07-17,San Diego,CA,USA,Technology,Conference,San Diego Convention Center,"GIS, mapping, spatial analytics, smart city and enterprise data conference.",https://www.esri.com/en-us/about/events/uc/overview,https://www.vfairs.com/blog/tech-trade-shows/
CONV-039,National Sales Network Conference & Career Fair 2026,national-sales-network-conference-career-fair-2026-washington-2026,2026-08-12,2026-08-14,Washington,DC,USA,Business,Conference,Marriott Marquis Washington DC,"Sales, marketing, finance, technology and leadership conference with career fair and networking programming.",https://conference.salesnetwork.org,https://www.linkedin.com/pulse/marketing-events-usa-2026-your-calendar-years-most-important-wcdkf
CONV-040,Flash Memory Summit 2026,flash-memory-summit-2026-santa-clara-2026,2026-08-04,2026-08-06,Santa Clara,CA,USA,Electronics,Conference & Expo,Santa Clara Convention Center,"Data storage, memory, semiconductors, AI infrastructure and enterprise hardware conference.",https://www.flashmemorysummit.com,https://www.topline.tv/tradeshow.cfm
CONV-041,IFA Berlin 2026,ifa-berlin-2026-berlin-2026,2026-09-04,2026-09-08,Berlin,Berlin,Germany,Electronics,Trade Show,Messe Berlin,"Consumer electronics, home appliances, smart devices, AI hardware and connected lifestyle trade show.",https://www.ifa-berlin.com,https://www.vfairs.com/blog/tech-trade-shows/
CONV-042,Dreamforce 2026,dreamforce-2026-san-francisco-2026,2026-09-15,2026-09-17,San Francisco,CA,USA,Business,Conference,Moscone Center,"Salesforce business, CRM, AI, data, customer experience and enterprise technology conference.",https://www.salesforce.com/dreamforce,https://www.salesforce.com/dreamforce
CONV-043,LoanPro Summit 2026,loanpro-summit-2026-bonneville-salt-flats-2026,2026-09-16,2026-09-18,Bonneville Salt Flats,UT,USA,Finance,Summit,Bonneville Salt Flats,"Invite-only fintech summit focused on lending technology, banking infrastructure and financial services innovation.",https://www.loanpro.io,https://www.loanpro.io/blog/7-fintech-conferences-in-2026-you-cant-afford-to-miss/
CONV-044,Inbound 2026,inbound-2026-san-francisco-2026,2026-09-16,2026-09-18,San Francisco,CA,USA,Marketing,Conference,Moscone Center,"Marketing, sales, customer success, AI and growth conference hosted by HubSpot.",https://www.inbound.com,https://www.inbound.com
CONV-045,CEATEC 2026,ceatec-2026-chiba-2026,2026-10-13,2026-10-16,Chiba,Chiba,Japan,Electronics,Trade Show,Makuhari Messe,"Japan technology and electronics show covering Society 5.0, AI, digital infrastructure and connected devices.",https://www.ceatec.com,https://www.vfairs.com/blog/tech-trade-shows/
CONV-046,Money20/20 USA 2026,money20-20-usa-2026-las-vegas-2026,2026-10-25,2026-10-28,Las Vegas,NV,USA,Finance,Conference,The Venetian Convention and Expo Center,"Global fintech, payments, banking, digital identity and financial services conference.",https://us.money2020.com,https://www.fisglobal.com/about-us/fis-events
CONV-047,Web Summit 2026,web-summit-2026-lisbon-2026,2026-11-09,2026-11-12,Lisbon,Lisbon,Portugal,Technology,Conference,Altice Arena & FIL,"Large global technology conference for startups, investors, enterprise software, AI and digital innovation.",https://websummit.com,https://websummit.com
CONV-048,AFP Annual Conference 2026,afp-annual-conference-2026-las-vegas-2026,2026-11-08,2026-11-11,Las Vegas,NV,USA,Finance,Conference,Las Vegas,"Treasury, finance, payments and corporate financial planning conference.",https://conference.afponline.org,https://www.fisglobal.com/about-us/fis-events
CONV-049,Microsoft Ignite 2026,microsoft-ignite-2026-san-francisco-2026,2026-11-16,2026-11-20,San Francisco,CA,USA,AI,Conference,Moscone Center,"Microsoft enterprise technology conference focused on cloud, AI, developer tools, security and productivity.",https://ignite.microsoft.com,https://www.sfchronicle.com/sf/article/microsoft-ignite-conference-21197666.php
CONV-050,Electronica 2026,electronica-2026-munich-2026,2026-11-10,2026-11-13,Munich,Bavaria,Germany,Electronics,Trade Show,Messe München,"Global electronics trade fair covering components, semiconductors, embedded systems, sensors and power electronics.",https://electronica.de,https://www.vfairs.com/blog/tech-trade-shows/
CONV-051,AWS re:Invent 2026,aws-re-invent-2026-las-vegas-2026,2026-11-30,2026-12-04,Las Vegas,NV,USA,Technology,Conference,Las Vegas Strip Venues,"Cloud computing, AI, data, security, infrastructure and developer conference hosted by AWS.",https://reinvent.awsevents.com,https://reinvent.awsevents.com
CONV-052,Digital Summit Dallas 2026,digital-summit-dallas-2026-dallas-2026,2026-12-07,2026-12-08,Dallas,TX,USA,Marketing,Conference,Dallas,"Digital marketing conference covering content, SEO, email, social, lead generation and analytics.",https://www.digitalsummit.com,https://flippingbook.com/blog/marketing-tips/top-digital-marketing-conferences
CONV-053,"International Conference on Artificial Intelligence, Image Processing, and Computer Science 2026",international-conference-on-artificial-intelligence-image-processing-and-computer-science-2026-seattle-2026,2026-05-02,2026-05-03,Seattle,WA,USA,AI,Conference,To be announced,"Academic and professional conference focused on artificial intelligence, machine learning, neural networks, automation and applied intelligent systems.",https://conferenceindex.org/conferences/artificial-intelligence/united-states,https://conferenceindex.org/conferences/artificial-intelligence/united-states
CONV-054,International Conference on Computing and Information Technology 2026,international-conference-on-computing-and-information-technology-2026-honolulu-2026,2026-05-04,2026-05-05,Honolulu,HI,USA,Technology,Conference,To be announced,"Technology conference covering computing, cybersecurity, software engineering, information systems and digital infrastructure.",https://conferenceindex.org/conferences/artificial-intelligence/united-states,https://conferenceindex.org/conferences/artificial-intelligence/united-states
CONV-055,International Conference on Machine Learning and Cybernetics 2026,international-conference-on-machine-learning-and-cybernetics-2026-honolulu-2026,2026-05-04,2026-05-05,Honolulu,HI,USA,AI,Conference,To be announced,"Academic and professional conference focused on artificial intelligence, machine learning, neural networks, automation and applied intelligent systems.",https://conferenceindex.org/conferences/artificial-intelligence/united-states,https://conferenceindex.org/conferences/artificial-intelligence/united-states
CONV-056,International Conference on Machine Learning and Computing 2026,international-conference-on-machine-learning-and-computing-2026-honolulu-2026,2026-05-04,2026-05-05,Honolulu,HI,USA,AI,Conference,To be announced,"Academic and professional conference focused on artificial intelligence, machine learning, neural networks, automation and applied intelligent systems.",https://conferenceindex.org/conferences/artificial-intelligence/united-states,https://conferenceindex.org/conferences/artificial-intelligence/united-states
CONV-057,International Conference on Information and Computer Security 2026,international-conference-on-information-and-computer-security-2026-las-vegas-2026,2026-05-11,2026-05-12,Las Vegas,NV,USA,Technology,Conference,To be announced,"Technology conference covering computing, cybersecurity, software engineering, information systems and digital infrastructure.",https://conferenceindex.org/conferences/artificial-intelligence/united-states,https://conferenceindex.org/conferences/artificial-intelligence/united-states
CONV-058,"International Conference on Computer Science, Cybersecurity and Information Technology 2026",international-conference-on-computer-science-cybersecurity-and-information-technology-2026-las-vegas-2026,2026-05-11,2026-05-12,Las Vegas,NV,USA,Technology,Conference,To be announced,"Technology conference covering computing, cybersecurity, software engineering, information systems and digital infrastructure.",https://conferenceindex.org/conferences/artificial-intelligence/united-states,https://conferenceindex.org/conferences/artificial-intelligence/united-states
CONV-059,"International Conference on Computer Science, Programming and Security 2026",international-conference-on-computer-science-programming-and-security-2026-las-vegas-2026,2026-05-11,2026-05-12,Las Vegas,NV,USA,Technology,Conference,To be announced,"Technology conference covering computing, cybersecurity, software engineering, information systems and digital infrastructure.",https://conferenceindex.org/conferences/artificial-intelligence/united-states,https://conferenceindex.org/conferences/artificial-intelligence/united-states
CONV-060,"International Conference on Cognitive Science, Natural Language Processing and Pattern Recognition 2026",international-conference-on-cognitive-science-natural-language-processing-and-pattern-recognition-2026-las-vegas-2026,2026-05-11,2026-05-12,Las Vegas,NV,USA,AI,Conference,To be announced,"Academic and professional conference focused on artificial intelligence, machine learning, neural networks, automation and applied intelligent systems.",https://conferenceindex.org/conferences/artificial-intelligence/united-states,https://conferenceindex.org/conferences/artificial-intelligence/united-states
CONV-061,Digital Transformation Expo North America 2026,digital-transformation-expo-north-america-2026-san-jose-2026,2026-05-18,2026-05-19,San Jose,CA,USA,Technology,Conference,To be announced,"Technology conference covering computing, cybersecurity, software engineering, information systems and digital infrastructure.",https://conferenceindex.org/conferences/artificial-intelligence/united-states,https://conferenceindex.org/conferences/artificial-intelligence/united-states
CONV-062,International Conference on Computing and Information Technology 2026,international-conference-on-computing-and-information-technology-2026-new-york-2026,2026-05-25,2026-05-26,New York,NY,USA,Technology,Conference,To be announced,"Technology conference covering computing, cybersecurity, software engineering, information systems and digital infrastructure.",https://conferenceindex.org/conferences/artificial-intelligence/united-states,https://conferenceindex.org/conferences/artificial-intelligence/united-states
CONV-063,International Conference on Machine Learning and Cybernetics 2026,international-conference-on-machine-learning-and-cybernetics-2026-new-york-2026,2026-05-25,2026-05-26,New York,NY,USA,AI,Conference,To be announced,"Academic and professional conference focused on artificial intelligence, machine learning, neural networks, automation and applied intelligent systems.",https://conferenceindex.org/conferences/artificial-intelligence/united-states,https://conferenceindex.org/conferences/artificial-intelligence/united-states
CONV-064,International Conference on Ubiquitous Intelligence and Computing 2026,international-conference-on-ubiquitous-intelligence-and-computing-2026-new-york-2026,2026-05-25,2026-05-26,New York,NY,USA,AI,Conference,To be announced,"Academic and professional conference focused on artificial intelligence, machine learning, neural networks, automation and applied intelligent systems.",https://conferenceindex.org/conferences/artificial-intelligence/united-states,https://conferenceindex.org/conferences/artificial-intelligence/united-states
CONV-065,"International Conference on Computer Science, Cybersecurity and Information Technology 2026",international-conference-on-computer-science-cybersecurity-and-information-technology-2026-new-york-2026,2026-05-25,2026-05-26,New York,NY,USA,Technology,Conference,To be announced,"Technology conference covering computing, cybersecurity, software engineering, information systems and digital infrastructure.",https://conferenceindex.org/conferences/artificial-intelligence/united-states,https://conferenceindex.org/conferences/artificial-intelligence/united-states
CONV-066,"International Conference on Computer Science, Programming and Security 2026",international-conference-on-computer-science-programming-and-security-2026-new-york-2026,2026-05-25,2026-05-26,New York,NY,USA,Technology,Conference,To be announced,"Technology conference covering computing, cybersecurity, software engineering, information systems and digital infrastructure.",https://conferenceindex.org/conferences/artificial-intelligence/united-states,https://conferenceindex.org/conferences/artificial-intelligence/united-states
CONV-067,International Conference on Machine Learning and Data Analysis 2026,international-conference-on-machine-learning-and-data-analysis-2026-new-york-2026,2026-06-01,2026-06-02,New York,NY,USA,AI,Conference,To be announced,"Academic and professional conference focused on artificial intelligence, machine learning, neural networks, automation and applied intelligent systems.",https://conferenceindex.org/conferences/artificial-intelligence/united-states,https://conferenceindex.org/conferences/artificial-intelligence/united-states
CONV-068,International Conference on Computer Science and Information Engineering 2026,international-conference-on-computer-science-and-information-engineering-2026-new-york-2026,2026-06-01,2026-06-02,New York,NY,USA,Technology,Conference,To be announced,"Technology conference covering computing, cybersecurity, software engineering, information systems and digital infrastructure.",https://conferenceindex.org/conferences/artificial-intelligence/united-states,https://conferenceindex.org/conferences/artificial-intelligence/united-states
CONV-069,International Conference on Artificial Intelligence and Fuzzy Logic Systems 2026,international-conference-on-artificial-intelligence-and-fuzzy-logic-systems-2026-san-francisco-2026,2026-06-01,2026-06-02,San Francisco,CA,USA,AI,Conference,To be announced,"Academic and professional conference focused on artificial intelligence, machine learning, neural networks, automation and applied intelligent systems.",https://conferenceindex.org/conferences/artificial-intelligence/united-states,https://conferenceindex.org/conferences/artificial-intelligence/united-states
CONV-070,International Conference on Social Robotics 2026,international-conference-on-social-robotics-2026-new-york-2026,2026-06-01,2026-06-02,New York,NY,USA,AI,Conference,To be announced,"Academic and professional conference focused on artificial intelligence, machine learning, neural networks, automation and applied intelligent systems.",https://conferenceindex.org/conferences/artificial-intelligence/united-states,https://conferenceindex.org/conferences/artificial-intelligence/united-states
CONV-071,International Conference on Ubiquitous Intelligence and Computing 2026,international-conference-on-ubiquitous-intelligence-and-computing-2026-new-york-2026,2026-06-01,2026-06-02,New York,NY,USA,AI,Conference,To be announced,"Academic and professional conference focused on artificial intelligence, machine learning, neural networks, automation and applied intelligent systems.",https://conferenceindex.org/conferences/artificial-intelligence/united-states,https://conferenceindex.org/conferences/artificial-intelligence/united-states
CONV-072,International Conference on Machine Learning and Computer Vision 2026,international-conference-on-machine-learning-and-computer-vision-2026-new-york-2026,2026-06-01,2026-06-02,New York,NY,USA,AI,Conference,To be announced,"Academic and professional conference focused on artificial intelligence, machine learning, neural networks, automation and applied intelligent systems.",https://conferenceindex.org/conferences/artificial-intelligence/united-states,https://conferenceindex.org/conferences/artificial-intelligence/united-states
CONV-073,"International Conference on Computational Intelligence, Neural Networks and Applications 2026",international-conference-on-computational-intelligence-neural-networks-and-applications-2026-san-francisco-2026,2026-06-01,2026-06-02,San Francisco,CA,USA,AI,Conference,To be announced,"Academic and professional conference focused on artificial intelligence, machine learning, neural networks, automation and applied intelligent systems.",https://conferenceindex.org/conferences/artificial-intelligence/united-states,https://conferenceindex.org/conferences/artificial-intelligence/united-states
CONV-074,International Conference on Artificial Intelligence for Healthcare 2026,international-conference-on-artificial-intelligence-for-healthcare-2026-san-francisco-2026,2026-06-01,2026-06-02,San Francisco,CA,USA,AI,Conference,To be announced,"Academic and professional conference focused on artificial intelligence, machine learning, neural networks, automation and applied intelligent systems.",https://conferenceindex.org/conferences/artificial-intelligence/united-states,https://conferenceindex.org/conferences/artificial-intelligence/united-states
CONV-075,International Conference on Artificial Intelligence and Machine Learning for Healthcare Applications 2026,international-conference-on-artificial-intelligence-and-machine-learning-for-healthcare-applications-2026-san-francisco-2026,2026-06-01,2026-06-02,San Francisco,CA,USA,AI,Conference,To be announced,"Academic and professional conference focused on artificial intelligence, machine learning, neural networks, automation and applied intelligent systems.",https://conferenceindex.org/conferences/artificial-intelligence/united-states,https://conferenceindex.org/conferences/artificial-intelligence/united-states
CONV-076,"International Conference on Computer Science, Programming and Security 2026",international-conference-on-computer-science-programming-and-security-2026-washington-2026,2026-07-17,2026-07-18,Washington,DC,USA,Technology,Conference,To be announced,"Technology conference covering computing, cybersecurity, software engineering, information systems and digital infrastructure.",https://conferenceindex.org/conferences/artificial-intelligence/united-states,https://conferenceindex.org/conferences/artificial-intelligence/united-states
CONV-077,"Global Summit and Training Program on Artificial Intelligence, Digital Technology, Advanced Science and Law for Sustainable Development 2026",global-summit-and-training-program-on-artificial-intelligence-digital-technology-advanced-science-and-law-for-sustainable-development-2026-concord-2026,2026-07-20,2026-07-21,Concord,CA,USA,AI,Conference,To be announced,"Academic and professional conference focused on artificial intelligence, machine learning, neural networks, automation and applied intelligent systems.",https://conferenceindex.org/conferences/artificial-intelligence/united-states,https://conferenceindex.org/conferences/artificial-intelligence/united-states
CONV-078,Global Summit on Artificial Intelligence 2026,global-summit-on-artificial-intelligence-2026-stillwater-2026,2026-08-05,2026-08-06,Stillwater,OK,USA,AI,Conference,To be announced,"Academic and professional conference focused on artificial intelligence, machine learning, neural networks, automation and applied intelligent systems.",https://conferenceindex.org/conferences/artificial-intelligence/united-states,https://conferenceindex.org/conferences/artificial-intelligence/united-states
CONV-079,International Conference on Computing and Information Technology 2026,international-conference-on-computing-and-information-technology-2026-new-york-2026,2026-08-09,2026-08-10,New York,NY,USA,Technology,Conference,To be announced,"Technology conference covering computing, cybersecurity, software engineering, information systems and digital infrastructure.",https://conferenceindex.org/conferences/artificial-intelligence/united-states,https://conferenceindex.org/conferences/artificial-intelligence/united-states
CONV-080,International Conference on Machine Learning and Cybernetics 2026,international-conference-on-machine-learning-and-cybernetics-2026-new-york-2026,2026-08-09,2026-08-10,New York,NY,USA,AI,Conference,To be announced,"Academic and professional conference focused on artificial intelligence, machine learning, neural networks, automation and applied intelligent systems.",https://conferenceindex.org/conferences/artificial-intelligence/united-states,https://conferenceindex.org/conferences/artificial-intelligence/united-states
CONV-081,International Conference on Ubiquitous Intelligence and Computing 2026,international-conference-on-ubiquitous-intelligence-and-computing-2026-new-york-2026,2026-08-09,2026-08-10,New York,NY,USA,AI,Conference,To be announced,"Academic and professional conference focused on artificial intelligence, machine learning, neural networks, automation and applied intelligent systems.",https://conferenceindex.org/conferences/artificial-intelligence/united-states,https://conferenceindex.org/conferences/artificial-intelligence/united-states
CONV-082,International Conference on Computing and Information Technology 2026,international-conference-on-computing-and-information-technology-2026-seattle-2026,2026-09-06,2026-09-07,Seattle,WA,USA,Technology,Conference,To be announced,"Technology conference covering computing, cybersecurity, software engineering, information systems and digital infrastructure.",https://conferenceindex.org/conferences/artificial-intelligence/united-states,https://conferenceindex.org/conferences/artificial-intelligence/united-states
CONV-083,International Conference on Machine Learning and Cybernetics 2026,international-conference-on-machine-learning-and-cybernetics-2026-seattle-2026,2026-09-06,2026-09-07,Seattle,WA,USA,AI,Conference,To be announced,"Academic and professional conference focused on artificial intelligence, machine learning, neural networks, automation and applied intelligent systems.",https://conferenceindex.org/conferences/artificial-intelligence/united-states,https://conferenceindex.org/conferences/artificial-intelligence/united-states
CONV-084,International Conference on Ubiquitous Intelligence and Computing 2026,international-conference-on-ubiquitous-intelligence-and-computing-2026-seattle-2026,2026-09-06,2026-09-07,Seattle,WA,USA,AI,Conference,To be announced,"Academic and professional conference focused on artificial intelligence, machine learning, neural networks, automation and applied intelligent systems.",https://conferenceindex.org/conferences/artificial-intelligence/united-states,https://conferenceindex.org/conferences/artificial-intelligence/united-states
CONV-085,"International Conference on Computer Science, Cybersecurity and Information Technology 2026",international-conference-on-computer-science-cybersecurity-and-information-technology-2026-seattle-2026,2026-09-06,2026-09-07,Seattle,WA,USA,Technology,Conference,To be announced,"Technology conference covering computing, cybersecurity, software engineering, information systems and digital infrastructure.",https://conferenceindex.org/conferences/artificial-intelligence/united-states,https://conferenceindex.org/conferences/artificial-intelligence/united-states
CONV-086,"International Conference on Computer Science, Programming and Security 2026",international-conference-on-computer-science-programming-and-security-2026-seattle-2026,2026-09-06,2026-09-07,Seattle,WA,USA,Technology,Conference,To be announced,"Technology conference covering computing, cybersecurity, software engineering, information systems and digital infrastructure.",https://conferenceindex.org/conferences/artificial-intelligence/united-states,https://conferenceindex.org/conferences/artificial-intelligence/united-states
CONV-087,International Conference on Innovation and Information Management 2026,international-conference-on-innovation-and-information-management-2026-new-york-2026,2026-09-09,2026-09-10,New York,NY,USA,Business,Conference,To be announced,"Business technology conference focused on innovation, information management, business intelligence and digital transformation.",https://conferenceindex.org/conferences/artificial-intelligence/united-states,https://conferenceindex.org/conferences/artificial-intelligence/united-states
CONV-088,Intelligent Systems Conference 2026,intelligent-systems-conference-2026-amsterdam-2026,2026-09-03,2026-09-04,Amsterdam,North Holland,Netherlands,AI,Conference,To be announced,"Academic and professional conference focused on artificial intelligence, machine learning, neural networks, automation and applied intelligent systems.",https://conferenceindex.org/conferences/artificial-intelligence/united-states,https://conferenceindex.org/conferences/artificial-intelligence/united-states
CONV-089,"International Conference on Computer Science, Cybersecurity and Information Technology 2026",international-conference-on-computer-science-cybersecurity-and-information-technology-2026-prague-2026,2026-09-06,2026-09-07,Prague,Prague,Czechia,Technology,Conference,To be announced,"Technology conference covering computing, cybersecurity, software engineering, information systems and digital infrastructure.",https://conferenceindex.org/conferences/artificial-intelligence/united-states,https://conferenceindex.org/conferences/artificial-intelligence/united-states
CONV-090,International Conference on Machine Learning and Cybernetics 2026,international-conference-on-machine-learning-and-cybernetics-2026-sydney-2026,2026-09-06,2026-09-07,Sydney,NSW,Australia,AI,Conference,To be announced,"Academic and professional conference focused on artificial intelligence, machine learning, neural networks, automation and applied intelligent systems.",https://conferenceindex.org/conferences/artificial-intelligence/united-states,https://conferenceindex.org/conferences/artificial-intelligence/united-states
CONV-091,International Conference on Computer Science and Information Engineering 2026,international-conference-on-computer-science-and-information-engineering-2026-new-york-2026,2026-10-07,2026-10-08,New York,NY,USA,Technology,Conference,To be announced,"Technology conference covering computing, cybersecurity, software engineering, information systems and digital infrastructure.",https://conferenceindex.org/conferences/artificial-intelligence/united-states,https://conferenceindex.org/conferences/artificial-intelligence/united-states
CONV-092,International Conference on Social Robotics 2026,international-conference-on-social-robotics-2026-new-york-2026,2026-10-07,2026-10-08,New York,NY,USA,AI,Conference,To be announced,"Academic and professional conference focused on artificial intelligence, machine learning, neural networks, automation and applied intelligent systems.",https://conferenceindex.org/conferences/artificial-intelligence/united-states,https://conferenceindex.org/conferences/artificial-intelligence/united-states
CONV-093,International Conference on Ubiquitous Intelligence and Computing 2026,international-conference-on-ubiquitous-intelligence-and-computing-2026-new-york-2026,2026-10-07,2026-10-08,New York,NY,USA,AI,Conference,To be announced,"Academic and professional conference focused on artificial intelligence, machine learning, neural networks, automation and applied intelligent systems.",https://conferenceindex.org/conferences/artificial-intelligence/united-states,https://conferenceindex.org/conferences/artificial-intelligence/united-states
CONV-094,International Conference on Machine Learning and Computer Vision 2026,international-conference-on-machine-learning-and-computer-vision-2026-new-york-2026,2026-10-07,2026-10-08,New York,NY,USA,AI,Conference,To be announced,"Academic and professional conference focused on artificial intelligence, machine learning, neural networks, automation and applied intelligent systems.",https://conferenceindex.org/conferences/artificial-intelligence/united-states,https://conferenceindex.org/conferences/artificial-intelligence/united-states
CONV-095,"International Conference on Artificial Intelligence, Law and Policy 2026",international-conference-on-artificial-intelligence-law-and-policy-2026-new-york-2026,2026-10-07,2026-10-08,New York,NY,USA,AI,Conference,To be announced,"Academic and professional conference focused on artificial intelligence, machine learning, neural networks, automation and applied intelligent systems.",https://conferenceindex.org/conferences/artificial-intelligence/united-states,https://conferenceindex.org/conferences/artificial-intelligence/united-states
CONV-096,International Conference on Computing and Information Technology 2026,international-conference-on-computing-and-information-technology-2026-new-york-2026,2026-10-07,2026-10-08,New York,NY,USA,Technology,Conference,To be announced,"Technology conference covering computing, cybersecurity, software engineering, information systems and digital infrastructure.",https://conferenceindex.org/conferences/artificial-intelligence/united-states,https://conferenceindex.org/conferences/artificial-intelligence/united-states
CONV-097,International Conference on Machine Learning and Cybernetics 2026,international-conference-on-machine-learning-and-cybernetics-2026-new-york-2026,2026-10-07,2026-10-08,New York,NY,USA,AI,Conference,To be announced,"Academic and professional conference focused on artificial intelligence, machine learning, neural networks, automation and applied intelligent systems.",https://conferenceindex.org/conferences/artificial-intelligence/united-states,https://conferenceindex.org/conferences/artificial-intelligence/united-states
CONV-098,"International Conference on Computer Science, Cybersecurity and Information Technology 2026",international-conference-on-computer-science-cybersecurity-and-information-technology-2026-new-york-2026,2026-10-07,2026-10-08,New York,NY,USA,Technology,Conference,To be announced,"Technology conference covering computing, cybersecurity, software engineering, information systems and digital infrastructure.",https://conferenceindex.org/conferences/artificial-intelligence/united-states,https://conferenceindex.org/conferences/artificial-intelligence/united-states
CONV-099,International Conference on Machine Learning and Cybernetics 2026,international-conference-on-machine-learning-and-cybernetics-2026-houston-2026,2026-10-25,2026-10-26,Houston,TX,USA,AI,Conference,To be announced,"Academic and professional conference focused on artificial intelligence, machine learning, neural networks, automation and applied intelligent systems.",https://conferenceindex.org/conferences/artificial-intelligence/united-states,https://conferenceindex.org/conferences/artificial-intelligence/united-states
CONV-100,International Conference on Ubiquitous Intelligence and Computing 2026,international-conference-on-ubiquitous-intelligence-and-computing-2026-houston-2026,2026-10-25,2026-10-26,Houston,TX,USA,AI,Conference,To be announced,"Academic and professional conference focused on artificial intelligence, machine learning, neural networks, automation and applied intelligent systems.",https://conferenceindex.org/conferences/artificial-intelligence/united-states,https://conferenceindex.org/conferences/artificial-intelligence/united-states
CONV-101,"International Conference on Computer Science, Cybersecurity and Information Technology 2026",international-conference-on-computer-science-cybersecurity-and-information-technology-2026-houston-2026,2026-10-25,2026-10-26,Houston,TX,USA,Technology,Conference,To be announced,"Technology conference covering computing, cybersecurity, software engineering, information systems and digital infrastructure.",https://conferenceindex.org/conferences/artificial-intelligence/united-states,https://conferenceindex.org/conferences/artificial-intelligence/united-states
CONV-102,"International Conference on Computer Science, Programming and Security 2026",international-conference-on-computer-science-programming-and-security-2026-houston-2026,2026-10-25,2026-10-26,Houston,TX,USA,Technology,Conference,To be announced,"Technology conference covering computing, cybersecurity, software engineering, information systems and digital infrastructure.",https://conferenceindex.org/conferences/artificial-intelligence/united-states,https://conferenceindex.org/conferences/artificial-intelligence/united-states
CONV-103,International Conference on Computer Science and Information Technology 2026,international-conference-on-computer-science-and-information-technology-2026-los-angeles-2026,2026-10-28,2026-10-29,Los Angeles,CA,USA,Technology,Conference,To be announced,"Technology conference covering computing, cybersecurity, software engineering, information systems and digital infrastructure.",https://conferenceindex.org/conferences/artificial-intelligence/united-states,https://conferenceindex.org/conferences/artificial-intelligence/united-states
CONV-104,International Conference on Computer Science and Mathematics 2026,international-conference-on-computer-science-and-mathematics-2026-los-angeles-2026,2026-10-28,2026-10-29,Los Angeles,CA,USA,Technology,Conference,To be announced,"Technology conference covering computing, cybersecurity, software engineering, information systems and digital infrastructure.",https://conferenceindex.org/conferences/artificial-intelligence/united-states,https://conferenceindex.org/conferences/artificial-intelligence/united-states
CONV-105,International Conference on Pattern Recognition and Computer Vision 2026,international-conference-on-pattern-recognition-and-computer-vision-2026-los-angeles-2026,2026-10-28,2026-10-29,Los Angeles,CA,USA,AI,Conference,To be announced,"Academic and professional conference focused on artificial intelligence, machine learning, neural networks, automation and applied intelligent systems.",https://conferenceindex.org/conferences/artificial-intelligence/united-states,https://conferenceindex.org/conferences/artificial-intelligence/united-states
CONV-106,International Conference on Computer and Information Sciences 2026,international-conference-on-computer-and-information-sciences-2026-los-angeles-2026,2026-10-28,2026-10-29,Los Angeles,CA,USA,Technology,Conference,To be announced,"Technology conference covering computing, cybersecurity, software engineering, information systems and digital infrastructure.",https://conferenceindex.org/conferences/artificial-intelligence/united-states,https://conferenceindex.org/conferences/artificial-intelligence/united-states
CONV-107,International Conference on Computer Science and Technology 2026,international-conference-on-computer-science-and-technology-2026-los-angeles-2026,2026-10-28,2026-10-29,Los Angeles,CA,USA,Technology,Conference,To be announced,"Technology conference covering computing, cybersecurity, software engineering, information systems and digital infrastructure.",https://conferenceindex.org/conferences/artificial-intelligence/united-states,https://conferenceindex.org/conferences/artificial-intelligence/united-states
CONV-108,International Conference on Artificial Neural Networks 2026,international-conference-on-artificial-neural-networks-2026-los-angeles-2026,2026-10-28,2026-10-29,Los Angeles,CA,USA,AI,Conference,To be announced,"Academic and professional conference focused on artificial intelligence, machine learning, neural networks, automation and applied intelligent systems.",https://conferenceindex.org/conferences/artificial-intelligence/united-states,https://conferenceindex.org/conferences/artificial-intelligence/united-states
CONV-109,International Conference on Machine Learning and Deep Learning 2026,international-conference-on-machine-learning-and-deep-learning-2026-los-angeles-2026,2026-10-28,2026-10-29,Los Angeles,CA,USA,AI,Conference,To be announced,"Academic and professional conference focused on artificial intelligence, machine learning, neural networks, automation and applied intelligent systems.",https://conferenceindex.org/conferences/artificial-intelligence/united-states,https://conferenceindex.org/conferences/artificial-intelligence/united-states
CONV-110,International Conference on Computing and Information Technology 2026,international-conference-on-computing-and-information-technology-2026-los-angeles-2026,2026-10-28,2026-10-29,Los Angeles,CA,USA,Technology,Conference,To be announced,"Technology conference covering computing, cybersecurity, software engineering, information systems and digital infrastructure.",https://conferenceindex.org/conferences/artificial-intelligence/united-states,https://conferenceindex.org/conferences/artificial-intelligence/united-states
CONV-111,International Conference on Machine Learning and Cybernetics 2026,international-conference-on-machine-learning-and-cybernetics-2026-los-angeles-2026,2026-10-28,2026-10-29,Los Angeles,CA,USA,AI,Conference,To be announced,"Academic and professional conference focused on artificial intelligence, machine learning, neural networks, automation and applied intelligent systems.",https://conferenceindex.org/conferences/artificial-intelligence/united-states,https://conferenceindex.org/conferences/artificial-intelligence/united-states
CONV-112,International Conference on Ubiquitous Intelligence and Computing 2026,international-conference-on-ubiquitous-intelligence-and-computing-2026-los-angeles-2026,2026-10-28,2026-10-29,Los Angeles,CA,USA,AI,Conference,To be announced,"Academic and professional conference focused on artificial intelligence, machine learning, neural networks, automation and applied intelligent systems.",https://conferenceindex.org/conferences/artificial-intelligence/united-states,https://conferenceindex.org/conferences/artificial-intelligence/united-states
CONV-113,"International Conference on Computer Science, Cybersecurity and Information Technology 2026",international-conference-on-computer-science-cybersecurity-and-information-technology-2026-los-angeles-2026,2026-10-28,2026-10-29,Los Angeles,CA,USA,Technology,Conference,To be announced,"Technology conference covering computing, cybersecurity, software engineering, information systems and digital infrastructure.",https://conferenceindex.org/conferences/artificial-intelligence/united-states,https://conferenceindex.org/conferences/artificial-intelligence/united-states
CONV-114,International Conference on Artificial Intelligence and Fuzzy Logic Systems 2026,international-conference-on-artificial-intelligence-and-fuzzy-logic-systems-2026-san-francisco-2026,2026-11-01,2026-11-02,San Francisco,CA,USA,AI,Conference,To be announced,"Academic and professional conference focused on artificial intelligence, machine learning, neural networks, automation and applied intelligent systems.",https://conferenceindex.org/conferences/artificial-intelligence/united-states,https://conferenceindex.org/conferences/artificial-intelligence/united-states
CONV-115,"International Conference on Computational Intelligence, Neural Networks and Applications 2026",international-conference-on-computational-intelligence-neural-networks-and-applications-2026-san-francisco-2026,2026-11-01,2026-11-02,San Francisco,CA,USA,AI,Conference,To be announced,"Academic and professional conference focused on artificial intelligence, machine learning, neural networks, automation and applied intelligent systems.",https://conferenceindex.org/conferences/artificial-intelligence/united-states,https://conferenceindex.org/conferences/artificial-intelligence/united-states
CONV-116,International Conference on Computing and Information Technology 2026,international-conference-on-computing-and-information-technology-2026-san-francisco-2026,2026-11-01,2026-11-02,San Francisco,CA,USA,Technology,Conference,To be announced,"Technology conference covering computing, cybersecurity, software engineering, information systems and digital infrastructure.",https://conferenceindex.org/conferences/artificial-intelligence/united-states,https://conferenceindex.org/conferences/artificial-intelligence/united-states
CONV-117,International Conference on Machine Learning and Cybernetics 2026,international-conference-on-machine-learning-and-cybernetics-2026-san-francisco-2026,2026-11-01,2026-11-02,San Francisco,CA,USA,AI,Conference,To be announced,"Academic and professional conference focused on artificial intelligence, machine learning, neural networks, automation and applied intelligent systems.",https://conferenceindex.org/conferences/artificial-intelligence/united-states,https://conferenceindex.org/conferences/artificial-intelligence/united-states
CONV-118,International Conference on Ubiquitous Intelligence and Computing 2026,international-conference-on-ubiquitous-intelligence-and-computing-2026-san-francisco-2026,2026-11-01,2026-11-02,San Francisco,CA,USA,AI,Conference,To be announced,"Academic and professional conference focused on artificial intelligence, machine learning, neural networks, automation and applied intelligent systems.",https://conferenceindex.org/conferences/artificial-intelligence/united-states,https://conferenceindex.org/conferences/artificial-intelligence/united-states
CONV-119,"International Conference on Computer Science, Cybersecurity and Information Technology 2026",international-conference-on-computer-science-cybersecurity-and-information-technology-2026-san-francisco-2026,2026-11-01,2026-11-02,San Francisco,CA,USA,Technology,Conference,To be announced,"Technology conference covering computing, cybersecurity, software engineering, information systems and digital infrastructure.",https://conferenceindex.org/conferences/artificial-intelligence/united-states,https://conferenceindex.org/conferences/artificial-intelligence/united-states
CONV-120,"International Conference on Computer Science, Programming and Security 2026",international-conference-on-computer-science-programming-and-security-2026-san-francisco-2026,2026-11-01,2026-11-02,San Francisco,CA,USA,Technology,Conference,To be announced,"Technology conference covering computing, cybersecurity, software engineering, information systems and digital infrastructure.",https://conferenceindex.org/conferences/artificial-intelligence/united-states,https://conferenceindex.org/conferences/artificial-intelligence/united-states
CONV-121,International Conference on Artificial Consciousness and Artificial Intelligence 2026,international-conference-on-artificial-consciousness-and-artificial-intelligence-2026-san-francisco-2026,2026-11-01,2026-11-02,San Francisco,CA,USA,AI,Conference,To be announced,"Academic and professional conference focused on artificial intelligence, machine learning, neural networks, automation and applied intelligent systems.",https://conferenceindex.org/conferences/artificial-intelligence/united-states,https://conferenceindex.org/conferences/artificial-intelligence/united-states
CONV-122,Next-Generation AI & Machine Learning 2026,next-generation-ai-machine-learning-2026-boston-2026,2026-11-02,2026-11-04,Boston,MA,USA,AI,Conference,To be announced,"Academic and professional conference focused on artificial intelligence, machine learning, neural networks, automation and applied intelligent systems.",https://conferenceindex.org/event/next-generation-ai-machine-learning-nxt-ai-2026-november-boston-us,https://conferenceindex.org/event/next-generation-ai-machine-learning-nxt-ai-2026-november-boston-us
CONV-123,"International Conference on Sustainable Energy, Smart Cities and Business Intelligence 2026",international-conference-on-sustainable-energy-smart-cities-and-business-intelligence-2026-seattle-2026,2026-11-09,2026-11-10,Seattle,WA,USA,Business,Conference,To be announced,"Business technology conference focused on innovation, information management, business intelligence and digital transformation.",https://conferenceindex.org/conferences/artificial-intelligence/united-states,https://conferenceindex.org/conferences/artificial-intelligence/united-states
CONV-124,International Conference on Computing and Information Technology 2026,international-conference-on-computing-and-information-technology-2026-las-vegas-2026,2026-11-15,2026-11-16,Las Vegas,NV,USA,Technology,Conference,To be announced,"Technology conference covering computing, cybersecurity, software engineering, information systems and digital infrastructure.",https://conferenceindex.org/conferences/artificial-intelligence/united-states,https://conferenceindex.org/conferences/artificial-intelligence/united-states
CONV-125,International Conference on Machine Learning and Cybernetics 2026,international-conference-on-machine-learning-and-cybernetics-2026-las-vegas-2026,2026-11-15,2026-11-16,Las Vegas,NV,USA,AI,Conference,To be announced,"Academic and professional conference focused on artificial intelligence, machine learning, neural networks, automation and applied intelligent systems.",https://conferenceindex.org/conferences/artificial-intelligence/united-states,https://conferenceindex.org/conferences/artificial-intelligence/united-states
CONV-126,International Conference on Ubiquitous Intelligence and Computing 2026,international-conference-on-ubiquitous-intelligence-and-computing-2026-las-vegas-2026,2026-11-15,2026-11-16,Las Vegas,NV,USA,AI,Conference,To be announced,"Academic and professional conference focused on artificial intelligence, machine learning, neural networks, automation and applied intelligent systems.",https://conferenceindex.org/conferences/artificial-intelligence/united-states,https://conferenceindex.org/conferences/artificial-intelligence/united-states
CONV-127,International Conference on Computer Science and Information Technology 2026,international-conference-on-computer-science-and-information-technology-2026-new-york-2026,2026-12-09,2026-12-10,New York,NY,USA,Technology,Conference,To be announced,"Technology conference covering computing, cybersecurity, software engineering, information systems and digital infrastructure.",https://conferenceindex.org/conferences/artificial-intelligence/united-states,https://conferenceindex.org/conferences/artificial-intelligence/united-states
CONV-128,International Conference on Computer Science and Mathematics 2026,international-conference-on-computer-science-and-mathematics-2026-new-york-2026,2026-12-09,2026-12-10,New York,NY,USA,Technology,Conference,To be announced,"Technology conference covering computing, cybersecurity, software engineering, information systems and digital infrastructure.",https://conferenceindex.org/conferences/artificial-intelligence/united-states,https://conferenceindex.org/conferences/artificial-intelligence/united-states
CONV-129,International Conference on Pattern Recognition and Computer Vision 2026,international-conference-on-pattern-recognition-and-computer-vision-2026-new-york-2026,2026-12-09,2026-12-10,New York,NY,USA,AI,Conference,To be announced,"Academic and professional conference focused on artificial intelligence, machine learning, neural networks, automation and applied intelligent systems.",https://conferenceindex.org/conferences/artificial-intelligence/united-states,https://conferenceindex.org/conferences/artificial-intelligence/united-states
CONV-130,International Conference on Computing and Information Technology 2026,international-conference-on-computing-and-information-technology-2026-new-york-2026,2026-12-09,2026-12-10,New York,NY,USA,Technology,Conference,To be announced,"Technology conference covering computing, cybersecurity, software engineering, information systems and digital infrastructure.",https://conferenceindex.org/conferences/artificial-intelligence/united-states,https://conferenceindex.org/conferences/artificial-intelligence/united-states
CONV-131,International Conference on Computer and Information Sciences 2026,international-conference-on-computer-and-information-sciences-2026-new-york-2026,2026-12-09,2026-12-10,New York,NY,USA,Technology,Conference,To be announced,"Technology conference covering computing, cybersecurity, software engineering, information systems and digital infrastructure.",https://conferenceindex.org/conferences/artificial-intelligence/united-states,https://conferenceindex.org/conferences/artificial-intelligence/united-states
CONV-132,International Conference on Computer Science and Technology 2026,international-conference-on-computer-science-and-technology-2026-new-york-2026,2026-12-09,2026-12-10,New York,NY,USA,Technology,Conference,To be announced,"Technology conference covering computing, cybersecurity, software engineering, information systems and digital infrastructure.",https://conferenceindex.org/conferences/artificial-intelligence/united-states,https://conferenceindex.org/conferences/artificial-intelligence/united-states
CONV-133,International Conference on Machine Learning and Cybernetics 2026,international-conference-on-machine-learning-and-cybernetics-2026-new-york-2026,2026-12-09,2026-12-10,New York,NY,USA,AI,Conference,To be announced,"Academic and professional conference focused on artificial intelligence, machine learning, neural networks, automation and applied intelligent systems.",https://conferenceindex.org/conferences/artificial-intelligence/united-states,https://conferenceindex.org/conferences/artificial-intelligence/united-states
CONV-134,International Conference on Ubiquitous Intelligence and Computing 2026,international-conference-on-ubiquitous-intelligence-and-computing-2026-new-york-2026,2026-12-09,2026-12-10,New York,NY,USA,AI,Conference,To be announced,"Academic and professional conference focused on artificial intelligence, machine learning, neural networks, automation and applied intelligent systems.",https://conferenceindex.org/conferences/artificial-intelligence/united-states,https://conferenceindex.org/conferences/artificial-intelligence/united-states
CONV-135,"International Conference on Computer Science, Cybersecurity and Information Technology 2026",international-conference-on-computer-science-cybersecurity-and-information-technology-2026-new-york-2026,2026-12-09,2026-12-10,New York,NY,USA,Technology,Conference,To be announced,"Technology conference covering computing, cybersecurity, software engineering, information systems and digital infrastructure.",https://conferenceindex.org/conferences/artificial-intelligence/united-states,https://conferenceindex.org/conferences/artificial-intelligence/united-states
CONV-136,International Conference on Artificial Neural Networks 2026,international-conference-on-artificial-neural-networks-2026-new-york-2026,2026-12-09,2026-12-10,New York,NY,USA,AI,Conference,To be announced,"Academic and professional conference focused on artificial intelligence, machine learning, neural networks, automation and applied intelligent systems.",https://conferenceindex.org/conferences/artificial-intelligence/united-states,https://conferenceindex.org/conferences/artificial-intelligence/united-states
CONV-137,"International Conference on Computer Science, Programming and Security 2026",international-conference-on-computer-science-programming-and-security-2026-new-york-2026,2026-12-09,2026-12-10,New York,NY,USA,Technology,Conference,To be announced,"Technology conference covering computing, cybersecurity, software engineering, information systems and digital infrastructure.",https://conferenceindex.org/conferences/artificial-intelligence/united-states,https://conferenceindex.org/conferences/artificial-intelligence/united-states
CONV-138,"International Conference on Artificial Life, Robotics and Artificial Intelligence 2026",international-conference-on-artificial-life-robotics-and-artificial-intelligence-2026-new-york-2026,2026-12-09,2026-12-10,New York,NY,USA,AI,Conference,To be announced,"Academic and professional conference focused on artificial intelligence, machine learning, neural networks, automation and applied intelligent systems.",https://conferenceindex.org/conferences/artificial-intelligence/united-states,https://conferenceindex.org/conferences/artificial-intelligence/united-states
CONV-139,International Conference on Computing and Information Technology 2026,international-conference-on-computing-and-information-technology-2026-honolulu-2026,2026-12-20,2026-12-21,Honolulu,HI,USA,Technology,Conference,To be announced,"Technology conference covering computing, cybersecurity, software engineering, information systems and digital infrastructure.",https://conferenceindex.org/conferences/artificial-intelligence/united-states,https://conferenceindex.org/conferences/artificial-intelligence/united-states
CONV-140,International Conference on Computer Science and Intelligent Systems 2026,international-conference-on-computer-science-and-intelligent-systems-2026-honolulu-2026,2026-12-20,2026-12-21,Honolulu,HI,USA,AI,Conference,To be announced,"Academic and professional conference focused on artificial intelligence, machine learning, neural networks, automation and applied intelligent systems.",https://conferenceindex.org/conferences/artificial-intelligence/united-states,https://conferenceindex.org/conferences/artificial-intelligence/united-states
CONV-141,International Conference on Machine Learning and Cybernetics 2026,international-conference-on-machine-learning-and-cybernetics-2026-honolulu-2026,2026-12-20,2026-12-21,Honolulu,HI,USA,AI,Conference,To be announced,"Academic and professional conference focused on artificial intelligence, machine learning, neural networks, automation and applied intelligent systems.",https://conferenceindex.org/conferences/artificial-intelligence/united-states,https://conferenceindex.org/conferences/artificial-intelligence/united-states
CONV-142,International Conference on Computational Intelligence in Security Information Systems 2026,international-conference-on-computational-intelligence-in-security-information-systems-2026-honolulu-2026,2026-12-20,2026-12-21,Honolulu,HI,USA,AI,Conference,To be announced,"Academic and professional conference focused on artificial intelligence, machine learning, neural networks, automation and applied intelligent systems.",https://conferenceindex.org/conferences/artificial-intelligence/united-states,https://conferenceindex.org/conferences/artificial-intelligence/united-states
CONV-143,International Conference on Ubiquitous Intelligence and Computing 2026,international-conference-on-ubiquitous-intelligence-and-computing-2026-honolulu-2026,2026-12-20,2026-12-21,Honolulu,HI,USA,AI,Conference,To be announced,"Academic and professional conference focused on artificial intelligence, machine learning, neural networks, automation and applied intelligent systems.",https://conferenceindex.org/conferences/artificial-intelligence/united-states,https://conferenceindex.org/conferences/artificial-intelligence/united-states
CONV-144,"International Conference on Computer Science, Cybersecurity and Information Technology 2026",international-conference-on-computer-science-cybersecurity-and-information-technology-2026-honolulu-2026,2026-12-20,2026-12-21,Honolulu,HI,USA,Technology,Conference,To be announced,"Technology conference covering computing, cybersecurity, software engineering, information systems and digital infrastructure.",https://conferenceindex.org/conferences/artificial-intelligence/united-states,https://conferenceindex.org/conferences/artificial-intelligence/united-states
CONV-145,International Conference on Computing and Artificial Intelligence 2026,international-conference-on-computing-and-artificial-intelligence-2026-miami-2026,2026-03-11,2026-03-12,Miami,FL,USA,AI,Conference,To be announced,"Academic and professional conference focused on artificial intelligence, machine learning, neural networks, automation and applied intelligent systems.",https://conferenceindex.org/conferences/artificial-intelligence/united-states,https://conferenceindex.org/conferences/artificial-intelligence/united-states
CONV-146,International Conference on Artificial Neural Networks and Machine Learning 2026,international-conference-on-artificial-neural-networks-and-machine-learning-2026-miami-2026,2026-03-11,2026-03-12,Miami,FL,USA,AI,Conference,To be announced,"Academic and professional conference focused on artificial intelligence, machine learning, neural networks, automation and applied intelligent systems.",https://conferenceindex.org/conferences/artificial-intelligence/united-states,https://conferenceindex.org/conferences/artificial-intelligence/united-states
CONV-147,International Conference on Machine Learning and Cybernetics 2026,international-conference-on-machine-learning-and-cybernetics-2026-miami-2026,2026-03-11,2026-03-12,Miami,FL,USA,AI,Conference,To be announced,"Academic and professional conference focused on artificial intelligence, machine learning, neural networks, automation and applied intelligent systems.",https://conferenceindex.org/conferences/artificial-intelligence/united-states,https://conferenceindex.org/conferences/artificial-intelligence/united-states
CONV-148,International Conference on Ubiquitous Intelligence and Computing 2026,international-conference-on-ubiquitous-intelligence-and-computing-2026-miami-2026,2026-03-11,2026-03-12,Miami,FL,USA,AI,Conference,To be announced,"Academic and professional conference focused on artificial intelligence, machine learning, neural networks, automation and applied intelligent systems.",https://conferenceindex.org/conferences/artificial-intelligence/united-states,https://conferenceindex.org/conferences/artificial-intelligence/united-states
CONV-149,International Conference on Artificial Intelligence and Neural Networks 2026,international-conference-on-artificial-intelligence-and-neural-networks-2026-new-york-2026,2026-03-17,2026-03-18,New York,NY,USA,AI,Conference,To be announced,"Academic and professional conference focused on artificial intelligence, machine learning, neural networks, automation and applied intelligent systems.",https://conferenceindex.org/conferences/artificial-intelligence/united-states,https://conferenceindex.org/conferences/artificial-intelligence/united-states
CONV-150,International Conference on Computing and Information Technology 2026,international-conference-on-computing-and-information-technology-2026-new-york-2026,2026-03-17,2026-03-18,New York,NY,USA,Technology,Conference,To be announced,"Technology conference covering computing, cybersecurity, software engineering, information systems and digital infrastructure.",https://conferenceindex.org/conferences/artificial-intelligence/united-states,https://conferenceindex.org/conferences/artificial-intelligence/united-states
CONV-151,International Conference on Machine Learning and Cybernetics 2026,international-conference-on-machine-learning-and-cybernetics-2026-new-york-2026,2026-03-17,2026-03-18,New York,NY,USA,AI,Conference,To be announced,"Academic and professional conference focused on artificial intelligence, machine learning, neural networks, automation and applied intelligent systems.",https://conferenceindex.org/conferences/artificial-intelligence/united-states,https://conferenceindex.org/conferences/artificial-intelligence/united-states
CONV-152,International Conference on Computing and Information Technology 2026,international-conference-on-computing-and-information-technology-2026-las-vegas-2026,2026-03-24,2026-03-25,Las Vegas,NV,USA,Technology,Conference,To be announced,"Technology conference covering computing, cybersecurity, software engineering, information systems and digital infrastructure.",https://conferenceindex.org/conferences/artificial-intelligence/united-states,https://conferenceindex.org/conferences/artificial-intelligence/united-states
CONV-153,International Conference on Machine Learning and Cybernetics 2026,international-conference-on-machine-learning-and-cybernetics-2026-las-vegas-2026,2026-03-24,2026-03-25,Las Vegas,NV,USA,AI,Conference,To be announced,"Academic and professional conference focused on artificial intelligence, machine learning, neural networks, automation and applied intelligent systems.",https://conferenceindex.org/conferences/artificial-intelligence/united-states,https://conferenceindex.org/conferences/artificial-intelligence/united-states
CONV-154,International Conference on Ubiquitous Intelligence and Computing 2026,international-conference-on-ubiquitous-intelligence-and-computing-2026-las-vegas-2026,2026-03-24,2026-03-25,Las Vegas,NV,USA,AI,Conference,To be announced,"Academic and professional conference focused on artificial intelligence, machine learning, neural networks, automation and applied intelligent systems.",https://conferenceindex.org/conferences/artificial-intelligence/united-states,https://conferenceindex.org/conferences/artificial-intelligence/united-states
CONV-155,"International Conference on Computer Science, Cybersecurity and Information Technology 2026",international-conference-on-computer-science-cybersecurity-and-information-technology-2026-las-vegas-2026,2026-03-24,2026-03-25,Las Vegas,NV,USA,Technology,Conference,To be announced,"Technology conference covering computing, cybersecurity, software engineering, information systems and digital infrastructure.",https://conferenceindex.org/conferences/artificial-intelligence/united-states,https://conferenceindex.org/conferences/artificial-intelligence/united-states
CONV-156,International Conference on Computer Science and Information Technology 2026,international-conference-on-computer-science-and-information-technology-2026-boston-2026,2026-04-22,2026-04-23,Boston,MA,USA,Technology,Conference,To be announced,"Technology conference covering computing, cybersecurity, software engineering, information systems and digital infrastructure.",https://conferenceindex.org/conferences/artificial-intelligence/united-states,https://conferenceindex.org/conferences/artificial-intelligence/united-states
CONV-157,International Conference on Artificial Intelligence and Neural Networks 2026,international-conference-on-artificial-intelligence-and-neural-networks-2026-new-york-2026,2026-04-22,2026-04-23,New York,NY,USA,AI,Conference,To be announced,"Academic and professional conference focused on artificial intelligence, machine learning, neural networks, automation and applied intelligent systems.",https://conferenceindex.org/conferences/artificial-intelligence/united-states,https://conferenceindex.org/conferences/artificial-intelligence/united-states
CONV-158,International Conference on Pattern Recognition and Computer Vision 2026,international-conference-on-pattern-recognition-and-computer-vision-2026-new-york-2026,2026-04-22,2026-04-23,New York,NY,USA,AI,Conference,To be announced,"Academic and professional conference focused on artificial intelligence, machine learning, neural networks, automation and applied intelligent systems.",https://conferenceindex.org/conferences/artificial-intelligence/united-states,https://conferenceindex.org/conferences/artificial-intelligence/united-states
CONV-159,International Conference on Computing and Information Technology 2026,international-conference-on-computing-and-information-technology-2026-boston-2026,2026-04-22,2026-04-23,Boston,MA,USA,Technology,Conference,To be announced,"Technology conference covering computing, cybersecurity, software engineering, information systems and digital infrastructure.",https://conferenceindex.org/conferences/artificial-intelligence/united-states,https://conferenceindex.org/conferences/artificial-intelligence/united-states
CONV-160,International Conference on Next-Generation AI Technologies 2026,international-conference-on-next-generation-ai-technologies-2026-boston-2026,2026-08-14,2026-08-15,Boston,MA,USA,AI,Conference,To be announced,"Academic and professional conference focused on artificial intelligence, machine learning, neural networks, automation and applied intelligent systems.",https://conferenceindex.org/event/international-conference-on-next-generation-ai-technologies-icngait-2026-august-boston-us,https://conferenceindex.org/event/international-conference-on-next-generation-ai-technologies-icngait-2026-august-boston-us
CONV-161,International Conference on Next-Generation AI & Machine Learning 2026,international-conference-on-next-generation-ai-machine-learning-2026-boston-2026,2026-11-02,2026-11-04,Boston,MA,USA,AI,Conference,To be announced,"Academic and professional conference focused on artificial intelligence, machine learning, neural networks, automation and applied intelligent systems.",https://conferenceindex.org/event/next-generation-ai-machine-learning-nxt-ai-2026-november-boston-us,https://conferenceindex.org/event/next-generation-ai-machine-learning-nxt-ai-2026-november-boston-us
CONV-162,Money Alpha 360° 2026,money-alpha-360-2026-greater-noida-2026,2026-04-25,2026-04-26,Greater Noida,Uttar Pradesh,India,Finance,Expo,India Expo Centre and Mart,"Fintech and finance event highlighting digital payments, UPI, financial infrastructure and India’s digital finance ecosystem.",https://timesofindia.indiatimes.com/city/noida/nandi-inaugurates-fintech-event-at-expo-mart/articleshow/130503211.cms,https://timesofindia.indiatimes.com/city/noida/nandi-inaugurates-fintech-event-at-expo-mart/articleshow/130503211.cms
CONV-163,Mumbai Tech Week 2026,mumbai-tech-week-2026-mumbai-2026,2026-05-29,2026-05-30,Mumbai,Maharashtra,India,AI,Conference,Jio World Convention Centre,"Technology week focused on AI in action, startups, investors, developers, policymakers and the digital innovation ecosystem.",https://m.economictimes.com/small-biz/security-tech/technology/mumbai-tech-week-2026-returns-with-ai-in-action/articleshow/130573139.cms,https://m.economictimes.com/small-biz/security-tech/technology/mumbai-tech-week-2026-returns-with-ai-in-action/articleshow/130573139.cms
CONV-164,Pan-IIT Bengaluru Summit 2026,pan-iit-bengaluru-summit-2026-bengaluru-2026,2026-05-16,2026-05-16,Bengaluru,Karnataka,India,Technology,Summit,Bengaluru,"Technology sovereignty summit featuring AI, semiconductors, energy, mobility, startups, CXO roundtables and innovation showcases.",https://timesofindia.indiatimes.com/city/bengaluru/pan-iit-bengaluru-summit-on-may-16/articleshow/130521323.cms,https://timesofindia.indiatimes.com/city/bengaluru/pan-iit-bengaluru-summit-on-may-16/articleshow/130521323.cms
CONV-165,Australian Hi-Fi Show Sydney 2026,australian-hi-fi-show-sydney-2026-sydney-2026,2026-05-01,2026-05-03,Sydney,NSW,Australia,Electronics,Trade Show,Sydney Central Hotel,"Consumer electronics and audio visual trade show featuring high-end audio, speakers, headphones, amplifiers and smart home technology.",https://www.whathifi.com/tech-events/australian-hi-fi-show-sydney-2026-announced-new-attractions,https://www.whathifi.com/tech-events/australian-hi-fi-show-sydney-2026-announced-new-attractions
CONV-166,FinTech & Financial Institutions Research Conference 2026,fintech-financial-institutions-research-conference-2026-philadelphia-2026,2026-04-03,2026-04-03,Philadelphia,PA,USA,Finance,Research Conference,Federal Reserve Bank of Philadelphia,"Academic and policy conference on fintech, financial institutions and research in banking innovation.",https://lerner.udel.edu/faculty-and-research/lectures-seminars/fintech-financial-institutions-research-conference/,https://lerner.udel.edu/faculty-and-research/lectures-seminars/fintech-financial-institutions-research-conference/
CONV-167,BFSI Nexus Conference 2026,bfsi-nexus-conference-2026-jersey-city-2026,2026-05-04,2026-05-05,Jersey City,NJ,USA,Finance,Conference,The Westin Jersey City Newport,"Banking, financial services and insurance executive forum focused on technology, digital transformation and industry strategy.",https://www.fintechweekly.com/fintech-conferences/,https://www.fintechweekly.com/fintech-conferences/
CONV-168,PAYMENTS FORUM 2026,payments-forum-2026-orlando-2026,2026-05-04,2026-05-07,Orlando,FL,USA,Finance,Forum,Orlando World Center Marriott,"Payments forum for financial institutions, card issuers, processors, merchants and retail financial services leaders.",https://www.fisglobal.com/about-us/fis-events,https://www.fisglobal.com/about-us/fis-events
CONV-169,Finance Magnates Africa Summit 2026,finance-magnates-africa-summit-2026-cape-town-2026,2026-05-27,2026-05-29,Cape Town,Western Cape,South Africa,Finance,Summit,Cape Town,"Fintech, online trading and financial services summit for African markets and global financial technology companies.",https://dev.events/fintech,https://dev.events/fintech
CONV-170,BFSI IT Summit Philippines 2026,bfsi-it-summit-philippines-2026-manila-2026,2026-05-26,2026-05-27,Manila,Metro Manila,Philippines,Finance,Summit,Manila,"BFSI technology summit focused on banking IT, cybersecurity, payments and digital transformation.",https://dev.events/fintech,https://dev.events/fintech
CONV-171,Digital Age Tech Summit 2026,digital-age-tech-summit-2026-istanbul-2026,2026-05-04,2026-05-05,Istanbul,Istanbul,Turkey,Technology,Summit,Zorlu Performing Arts Center,"Technology summit exploring human-centered innovation, digital transformation, AI and business leadership.",https://10times.com/artificial-intelligence/conferences,https://10times.com/artificial-intelligence/conferences
CONV-172,Future Workplace Summit 2026,future-workplace-summit-2026-new-york-2026,2026-05-01,2026-05-01,New York,NY,USA,Business,Summit,@Ease,"Future of work conference covering workplace transformation, business services, AI and enterprise technology.",https://10times.com/artificial-intelligence/conferences,https://10times.com/artificial-intelligence/conferences
CONV-173,International Conference on Artificial Intelligence and Soft Computing 2026,international-conference-on-artificial-intelligence-and-soft-computing-2026-berlin-2026,2026-04-30,2026-05-01,Berlin,Berlin,Germany,AI,Conference,Mercure Hotel Berlin City,"AI and soft computing research conference focused on intelligent systems, algorithms and applied machine learning.",https://10times.com/artificial-intelligence/conferences,https://10times.com/artificial-intelligence/conferences
CONV-174,Revolution Summit 2026,revolution-summit-2026-paris-2026,2026-03-10,2026-03-10,Paris,Île-de-France,France,AI,Summit,Palais de Tokyo,Executive summit focused on the role of artificial intelligence in organizational strategy and responsible business transformation.,https://10times.com/e1hx-fd34-3zgk-0-revolution-summit,https://10times.com/e1hx-fd34-3zgk-0-revolution-summit
CONV-175,Annual Artificial Intelligence in Financial Services Conference 2026,annual-artificial-intelligence-in-financial-services-conference-2026-london-2026,2026-11-18,2026-11-19,London,England,United Kingdom,Finance,Conference,London,"Financial services conference exploring AI adoption, innovation, risk, automation and business model transformation.",https://10times.com/artificial-intelligence-in-financial-services,https://10times.com/artificial-intelligence-in-financial-services
CONV-176,Accelerate 2026,accelerate-2026-austin-2026,2026-04-21,2026-04-23,Austin,TX,USA,Finance,Conference,Austin,"Financial compliance and AI conference covering advisor oversight, compliance workflows and operational trust.",https://10times.com/e1zx-r583-ff3g,https://10times.com/e1zx-r583-ff3g
CONV-177,Gartner Finance Symposium/Xpo 2026,gartner-finance-symposium-xpo-2026-national-harbor-2026,2026-05-26,2026-05-28,National Harbor,MD,USA,Finance,Symposium,Gaylord National Resort & Convention Center,"Finance leadership symposium focused on CFO priorities, technology, data, risk and transformation.",https://dev.events/fintech,https://dev.events/fintech
CONV-178,Conversion Conf Warsaw 2026,conversion-conf-warsaw-2026-warsaw-2026,2026-04-01,2026-04-02,Warsaw,Masovian,Poland,Marketing,Conference,Warsaw,"Affiliate and conversion marketing conference focused on performance, analytics, optimization and growth.",https://www.marketingterms.com/conferences/,https://www.marketingterms.com/conferences/
CONV-179,Digital Marketing Europe 2026,digital-marketing-europe-2026-lisbon-2026,2026-04-14,2026-04-16,Lisbon,Lisbon,Portugal,Marketing,Conference,Lisbon,"Digital marketing conference focused on content, performance marketing, AI, analytics and marketing operations.",https://www.marketingterms.com/conferences/,https://www.marketingterms.com/conferences/
CONV-180,App Promotion Summit London 2026,app-promotion-summit-london-2026-london-2026,2026-04-23,2026-04-23,London,England,United Kingdom,Marketing,Summit,London,"Mobile app marketing and growth summit for user acquisition, retention, measurement and mobile advertising teams.",https://www.marketingterms.com/conferences/,https://www.marketingterms.com/conferences/
CONV-181,CMO Summit San Francisco 2026,cmo-summit-san-francisco-2026-san-francisco-2026,2026-05-05,2026-05-06,San Francisco,CA,USA,Marketing,Summit,San Francisco,"Executive marketing leadership summit for CMOs focused on brand, demand generation, AI, measurement and growth.",https://online.marketing/digital-marketing/,https://online.marketing/digital-marketing/
CONV-182,Atomicon 2026,atomicon-2026-newcastle-upon-tyne-2026,2026-06-16,2026-06-17,Newcastle upon Tyne,England,United Kingdom,Marketing,Conference,Newcastle upon Tyne,"Marketing and business growth conference for entrepreneurs, agencies and content-led companies.",https://online.marketing/digital-marketing/,https://online.marketing/digital-marketing/
CONV-183,CS International Conference 2026,cs-international-conference-2026-brussels-2026,2026-04-20,2026-04-22,Brussels,Brussels,Belgium,Electronics,Conference,Brussels,"Compound semiconductor conference for electronics, photonics, power devices and advanced chip technologies.",https://www.topline.tv/tradeshow.cfm,https://www.topline.tv/tradeshow.cfm
CONV-184,IEEE IVEC 2026,ieee-ivec-2026-monterey-2026,2026-04-20,2026-04-23,Monterey,CA,USA,Electronics,Conference,Monterey,"Vacuum electronics conference covering electronic devices, systems, microwave technologies and advanced research.",https://www.topline.tv/tradeshow.cfm,https://www.topline.tv/tradeshow.cfm
CONV-185,Battery Cells & Systems Expo 2026,battery-cells-systems-expo-2026-birmingham-2026,2026-04-22,2026-04-23,Birmingham,England,United Kingdom,Electronics,Expo,NEC Birmingham,"Battery technology and electronics expo for energy storage, electric vehicles, manufacturing and supply chains.",https://www.topline.tv/tradeshow.cfm,https://www.topline.tv/tradeshow.cfm
CONV-186,Hannover Messe 2026,hannover-messe-2026-hannover-2026,2026-04-20,2026-04-24,Hannover,Lower Saxony,Germany,Technology,Trade Show,Hannover Exhibition Grounds,"Industrial technology trade fair covering automation, AI, robotics, energy systems and manufacturing innovation.",https://www.topline.tv/tradeshow.cfm,https://www.topline.tv/tradeshow.cfm
CONV-187,NSREC 2026,nsrec-2026-san-juan-2026,2026-07-20,2026-07-24,San Juan,Puerto Rico,USA,Electronics,Conference,San Juan,"Nuclear and space radiation effects conference for electronics, semiconductors, aerospace systems and reliability engineering.",https://www.topline.tv/tradeshow.cfm,https://www.topline.tv/tradeshow.cfm
CONV-188,Electronics Manufacturing Expo 2026,electronics-manufacturing-expo-2026-penang-2026,2026-07-22,2026-07-24,Penang,Penang,Malaysia,Electronics,Expo,Penang,"Electronics manufacturing expo focused on assembly, testing, automation, components and production technology.",https://www.topline.tv/tradeshow.cfm,https://www.topline.tv/tradeshow.cfm
CONV-189,Design Automation Conference 2026,design-automation-conference-2026-long-beach-2026,2026-07-26,2026-07-29,Long Beach,CA,USA,Electronics,Conference,Long Beach Convention Center,"Electronic design automation, semiconductor design, chip architecture and systems engineering conference.",https://www.topline.tv/tradeshow.cfm,https://www.topline.tv/tradeshow.cfm
CONV-190,ICEPT 2026,icept-2026-xi-an-2026,2026-08-05,2026-08-07,Xi’an,Shaanxi,China,Electronics,Conference,Xi’an,"International conference on electronic packaging technology for semiconductors, components and manufacturing systems.",https://www.topline.tv/tradeshow.cfm,https://www.topline.tv/tradeshow.cfm
CONV-191,Intersec 2026,intersec-2026-dubai-2026,2026-01-12,2026-01-14,Dubai,Dubai,United Arab Emirates,Technology,Trade Show,Dubai World Trade Centre,"Security, safety, cybersecurity and smart technology trade show for enterprise and public-sector buyers.",https://www.bleap.finance/blog/best-tech-events-in-the-world,https://www.bleap.finance/blog/best-tech-events-in-the-world
CONV-192,Cloud & Cyber Security Expo 2026,cloud-cyber-security-expo-2026-london-2026,2026-03-04,2026-03-05,London,England,United Kingdom,Technology,Expo,ExCeL London,"Cloud computing and cybersecurity expo for enterprise technology, infrastructure, risk and security professionals.",https://www.vfairs.com/blog/tech-trade-shows/,https://www.vfairs.com/blog/tech-trade-shows/
CONV-193,Retail Technology Show 2026,retail-technology-show-2026-london-2026,2026-04-22,2026-04-23,London,England,United Kingdom,Technology,Trade Show,ExCeL London,"Retail technology show covering commerce, payments, customer experience, AI, analytics and store operations.",https://www.vfairs.com/blog/tech-trade-shows/,https://www.vfairs.com/blog/tech-trade-shows/
CONV-194,Collision 2026,collision-2026-toronto-2026,2026-06-22,2026-06-25,Toronto,Ontario,Canada,Technology,Conference,Toronto,"Technology conference for startups, investors, enterprise software, marketing technology and innovation leaders.",https://collisionconf.com,https://collisionconf.com
CONV-195,SaaStr Annual 2026,saastr-annual-2026-san-mateo-2026,2026-09-09,2026-09-11,San Mateo,CA,USA,Business,Conference,San Mateo County Event Center,"B2B SaaS and cloud business conference for founders, operators, sales, marketing and growth teams.",https://www.saastrannual.com,https://www.saastrannual.com
CONV-196,Slush 2026,slush-2026-helsinki-2026,2026-11-18,2026-11-19,Helsinki,Uusimaa,Finland,Business,Conference,Messukeskus Helsinki,"Startup, venture capital and technology conference connecting founders, investors and operators.",https://www.slush.org,https://www.slush.org
CONV-197,TechCrunch Disrupt 2026,techcrunch-disrupt-2026-san-francisco-2026,2026-10-27,2026-10-29,San Francisco,CA,USA,Business,Conference,San Francisco,"Startup and venture capital conference covering AI, fintech, enterprise software, SaaS and growth-stage companies.",https://techcrunch.com/events,https://techcrunch.com/events
CONV-198,MoneyLive Summit 2026,moneylive-summit-2026-london-2026,2026-03-09,2026-03-10,London,England,United Kingdom,Finance,Summit,London,"Banking and payments summit for retail banking, fintech, customer experience and digital finance leaders.",https://fintechlabs.com/33-fintech-conferences-events-for-2021/,https://fintechlabs.com/33-fintech-conferences-events-for-2021/
CONV-199,FiNext Conference Dubai 2026,finext-conference-dubai-2026-dubai-2026,2026-02-11,2026-02-12,Dubai,Dubai,United Arab Emirates,Finance,Conference,Dubai,"Finance technology conference connecting fintech founders, investors, financial institutions and digital finance providers.",https://fintechlabs.com/33-fintech-conferences-events-for-2021/,https://fintechlabs.com/33-fintech-conferences-events-for-2021/
CONV-200,FinovateSpring 2026,finovatespring-2026-san-francisco-2026,2026-05-20,2026-05-22,San Francisco,CA,USA,Finance,Conference,San Francisco,"Fintech demo and networking event focused on banking innovation, payments, lending and digital financial products.",https://informaconnect.com/finovatespring,https://informaconnect.com/finovatespring
